brand,wh/km
Audi,198.66666666666666
Ford,200.2
Hyundai,168.1
Nissan,191.83333333333334
Porsche,189.72222222222223
Tesla,165.92857142857142
Volkswagen,180.93333333333334
